Derivative,Design type,Design Structure,R group definition,Name,Structure,Creation date,Created by,1TW7 - Binding Score,Molecular weight,LogP,TPSA,Fsp³,Chemical formula,Heavy atoms,Rotatable bonds,Hydrogen bonds donors,Hydrogen bonds acceptors,Molar refractivity,Solubility,Lipinski rule,Veber's(GSK) rule,Druglikeness,Synthesis complexity,Metabolic stability (H),Metabolic stability (M),PAMPA,BBB penetration,P-gp inhibitor,hERG inhibitor,CYP1A2 inhibitor,CYP2C19 inhibitor,CYP2C9 inhibitor,CYP2D6 inhibitor,CYP3A4 inhibitor,CYP1A2 substrate,CYP2C19 substrate,CYP2C9 substrate,CYP2D6 substrate,CYP3A4 substrate,"Experiment, IC₅₀","Experiment, EC₅₀",Bookmark,Tag,AlogP,Ligand Efficiency BEI,Ligand Efficiency LE,Ligand Efficiency LLE,Ligand Efficiency SEI,Screening Library,Vendor ID,Vendor name,Molport link,Enamine link
0,,,,CHEMBL729/LOPINAVIR,CC1=CC=CC(C)=C1OCC(=O)N[C@@H](CC1=CC=CC=C1)[C@@H](O)C[C@H](CC1=CC=CC=C1)NC(=O)[C@H](C(C)C)N1CCCNC1=O,2024-12-18 07:00:23.075599+00:00,Choongho Lee,-3.6,628.8,4.3,120,0.4,C37H48N4O5,46,15,4,5,179.5,Soluble,Fail,Fail,60.7,4.9,Unstable,Unstable,Low,High,Yes,Yes,No,Yes,Yes,Yes,Yes,Yes,Yes,Yes,Yes,Yes,,,No,,4.33,12.09,0.23,3.27,6.34,,,,,
0,,,,CHEMBL584/NELFINAVIR,CC1=C(O)C=CC=C1C(=O)N[C@@H](CSC1=CC=CC=C1)[C@H](O)CN1C[C@H]2CCCC[C@H]2C[C@H]1C(=O)NC(C)(C)C,2024-12-18 07:00:23.075593+00:00,Choongho Lee,-4.1,567.8,4.7,101.9,0.6,C32H45N3O4S,40,9,4,6,160.6,Moderate,Fail,Pass,60.8,4.5,Unstable,Unstable,Low,High,No,No,No,No,Yes,Yes,Yes,Yes,Yes,Yes,Yes,Yes,,,No,,4.75,11.05,0.21,1.53,6.16,,,,,
0,,,,CHEMBL57/NEVIRAPINE,CC1=CC=NC2=C1NC(=O)C1=CC=CN=C1N2C1CC1,2024-12-18 07:00:23.075588+00:00,Choongho Lee,-2.5,266.3,2.7,58.1,0.3,C15H14N4O,20,1,1,4,76.3,Moderate,Pass,Pass,88.4,4.8,Stable,Unstable,High,High,No,No,Yes,Yes,No,No,No,Yes,No,No,No,Yes,,,No,,2.65,26.27,0.48,4.35,12.04,,,,,
0,,,,CHEMBL282042/SAQUINAVIR MESYLATE,CC(C)(C)NC(=O)[C@@H]1C[C@@H]2CCCC[C@@H]2CN1C[C@@H](O)[C@H](CC1=CC=CC=C1)NC(=O)[C@H](CC(N)=O)NC(=O)C1=CC=C2C=CC=CC2=N1.CS(=O)(=O)O,2024-12-18 07:00:23.075582+00:00,Choongho Lee,-3.8,767,2.6,221.1,0.5,C39H54N6O8S,54,12,6,9,205.7,,Fail,Fail,,,,,,,,,,,,,,,,,,,,,No,,3.09,,,,,,,,,
0,,,,CHEMBL222559/TIPRANAVIR,CCC[C@@]1(CCC2=CC=CC=C2)CC(O)=C([C@H](CC)C2=CC=CC(NS(=O)(=O)C3=CC=C(C(F)(F)F)C=N3)=C2)C(=O)O1,2024-12-18 07:00:23.075576+00:00,Choongho Lee,-4.2,602.7,7.3,105.6,0.4,C31H33F3N2O5S,42,11,2,6,152.3,Insoluble,Fail,Fail,59.1,5.1,Unstable,Unstable,Low,High,No,No,No,Yes,Yes,Yes,Yes,Yes,Yes,Yes,Yes,Yes,,,No,,7.33,,,,,,,,,
0,,,,CHEMBL1735/INDINAVIR SULFATE,CC(C)(C)NC(=O)[C@@H]1CN(CC2=CC=CN=C2)CCN1C[C@@H](O)C[C@@H](CC1=CC=CC=C1)C(=O)N[C@H]1C2=CC=CC=C2C[C@H]1O.O=S(=O)(O)O,2024-12-18 07:00:23.075570+00:00,Choongho Lee,-3.2,711.9,2.2,192.6,0.5,C36H49N5O8S,50,11,6,9,188.2,,Fail,Fail,,,,,,,,,,,,,,,,,,,,,No,,2.87,15.29,0.28,6.52,7.95,,,,,
0,,,,CHEMBL1465/PHENPROCOUMON,CCC(C1=CC=CC=C1)C1=C(O)C2=CC=CC=C2OC1=O,2024-12-18 07:00:23.075564+00:00,Choongho Lee,-2.7,280.3,4,50.4,0.2,C18H16O3,21,3,1,3,82.7,Soluble,Pass,Pass,87.7,2.7,Stable,Unstable,High,High,No,No,Yes,Yes,Yes,No,No,Yes,No,No,No,Yes,,,No,,4.04,21.4,0.39,1.96,11.9,,,,,
0,,,,CHEMBL1323/DARUNAVIR,CC(C)CN(C[C@@H](O)[C@H](CC1=CC=CC=C1)NC(=O)O[C@H]1CO[C@H]2OCC[C@H]21)S(=O)(=O)C1=CC=C(N)C=C1,2024-12-18 07:00:23.075558+00:00,Choongho Lee,-3.3,547.7,2.4,140.4,0.5,C27H37N3O7S,38,11,3,8,141.6,Moderate,Fail,Fail,70.8,4.6,Unstable,Unstable,Low,High,No,No,No,No,Yes,Yes,Yes,No,Yes,Yes,Yes,Yes,,,No,,2.38,16.97,0.33,6.91,6.62,,,,,
0,,,,CHEMBL129/ZIDOVUDINE,CC1=CN([C@H]2C[C@H](N=[N+]=[N-])[C@@H](CO)O2)C(=O)NC1=O,2024-12-18 07:00:23.075552+00:00,Choongho Lee,-3.8,267.2,-0.2,133.1,0.6,C10H13N5O4,19,3,2,6,64.6,Soluble,Pass,Pass,85.2,4.8,Stable,Stable,Low,High,No,No,No,No,No,No,No,Yes,No,Yes,Yes,Yes,,,No,,-0.2,30.77,0.59,8.42,6.18,,,,,
0,,,,CHEMBL1163/ATAZANAVIR,COC(=O)N[C@H](C(=O)N[C@@H](CC1=CC=CC=C1)[C@@H](O)CN(CC1=CC=C(C2=CC=CC=N2)C=C1)NC(=O)[C@@H](NC(=O)OC)C(C)(C)C)C(C)(C)C,2024-12-18 07:00:23.075546+00:00,Choongho Lee,-3.6,704.9,4.2,171.2,0.4,C38H52N6O7,51,14,5,9,193.9,Insoluble,Fail,Fail,56.5,5.3,Unstable,Unstable,Low,High,Yes,No,No,Yes,Yes,Yes,Yes,Yes,Yes,Yes,Yes,Yes,,,No,,4.21,11.91,0.22,4.19,4.9,,,,,
0,,,,CHEMBL116/AMPRENAVIR,CC(C)CN(C[C@@H](O)[C@H](CC1=CC=CC=C1)NC(=O)O[C@H]1CCOC1)S(=O)(=O)C1=CC=C(N)C=C1,2024-12-18 07:00:23.075540+00:00,Choongho Lee,-3.4,505.6,2.4,131.2,0.5,C25H35N3O6S,35,11,3,7,133.2,Moderate,Fail,Fail,75.8,3,Unstable,Unstable,Low,High,No,No,No,No,Yes,Yes,Yes,No,Yes,Yes,Yes,Yes,,,No,,2.4,17.8,0.35,6.6,6.86,,,,,
0,,,,CHEMBL115/INDINAVIR,CC(C)(C)NC(=O)[C@@H]1CN(CC2=CC=CN=C2)CCN1C[C@@H](O)C[C@@H](CC1=CC=CC=C1)C(=O)N[C@H]1C2=CC=CC=C2C[C@H]1O,2024-12-18 07:00:23.075533+00:00,Choongho Lee,-3.4,613.8,2.9,118,0.5,C36H47N5O4,45,11,4,7,174.1,Soluble,Fail,Fail,58.1,4.8,Unstable,Unstable,Low,Low,No,No,No,No,Yes,Yes,Yes,Yes,Yes,Yes,Yes,Yes,,,No,,2.87,15.39,0.29,6.57,8,,,,,
0,,,,CHEMBL114/SAQUINAVIR,CC(C)(C)NC(=O)[C@@H]1C[C@@H]2CCCC[C@@H]2CN1C[C@@H](O)[C@H](CC1=CC=CC=C1)NC(=O)[C@H](CC(N)=O)NC(=O)C1=CC=C2C=CC=CC2=N1,2024-12-18 07:00:23.075512+00:00,Choongho Lee,-4.1,670.9,3.1,166.8,0.5,C38H50N6O5,49,12,5,7,188.2,Moderate,Fail,Fail,51.2,4.2,Unstable,Unstable,Low,High,No,No,No,No,Yes,No,Yes,Yes,Yes,Yes,Yes,Yes,,,No,,3.09,14.46,0.27,6.61,5.82,,,,,
0,,,,CHEMBL113225,CC(C)[C@H](NC(=O)C1=CC2=CC=CC=C2N1)C(=O)N[C@@H](CC1=CC=CC=C1)[C@@H](O)[C@@H](O)[C@H](CC1=CC=CC=C1)NC(=O)[C@H](NC(=O)C1=CC2=CC=CC=C2N1)C(C)C,2024-12-18 06:19:34.647403+00:00,Choongho Lee,-4,785,5,188.4,0.3,C46H52N6O6,58,17,8,6,224.9,Moderate,Fail,Fail,50.5,4.7,Unstable,Unstable,Low,High,Yes,No,No,Yes,Yes,Yes,Yes,Yes,Yes,Yes,Yes,Yes,,,No,,5.04,,,,,,,,,
0,,,,CHEMBL113090,CC(C)(C)NC(=O)[C@@H]1C[C@@H]2CCCC[C@@H]2CN1C[C@@H](O)[C@H](CC1=CC=CC=C1)NC(=O)O[C@H]1CC[C@H]2OCC[C@@H]12,2024-12-18 06:19:34.647398+00:00,Choongho Lee,-3.8,555.8,4,100.1,0.8,C32H49N3O5,40,8,3,6,153.7,Soluble,Fail,Pass,57.9,4.7,Unstable,Unstable,High,High,No,No,No,No,No,Yes,Yes,Yes,Yes,Yes,Yes,Yes,,,No,,4.05,13.98,0.27,3.72,7.76,,,,,
0,,,,CHEMBL113062,CC(C)(C)OC(=O)[C@@H]1CCCN1C[C@@H](O)[C@H](CC1=CC=CC=C1)NC(=O)[C@H](CC(N)=O)NC(=O)OCC1=CC=CC=C1,2024-12-18 06:19:34.647392+00:00,Choongho Lee,-3.6,582.7,2.1,160.3,0.5,C31H42N4O7,42,13,4,8,155.9,Soluble,Fail,Fail,70.3,3.6,Unstable,Unstable,Low,High,No,No,No,No,Yes,Yes,Yes,Yes,Yes,Yes,Yes,Yes,,,No,,2.05,11.76,0.22,4.8,4.28,,,,,
0,,,,CHEMBL112958,CC(C)[C@H](NC(=O)OCC1=CC=CC=N1)C(=O)N[C@@H](CC1=CC=CC=C1)[C@H](O)[C@H](O)[C@H](CC1=CC=CC=C1)NC(=O)[C@H](NC(=O)OCC1=CC=CC=N1)C(C)C,2024-12-18 06:19:34.647386+00:00,Choongho Lee,-4.3,768.9,3.9,201.1,0.4,C42H52N6O8,56,19,6,10,208.5,Soluble,Fail,Fail,56.1,4.3,Unstable,Unstable,Low,High,Yes,No,No,Yes,Yes,Yes,Yes,Yes,Yes,Yes,Yes,Yes,,,No,,3.86,,,,,,,,,
0,,,,CHEMBL112930,CC(C)[C@H](NS(=O)(=O)CCC1=CC=CC=N1)C(=O)N[C@@H](CC1=CC=CC=C1)[C@H](O)[C@H](O)[C@H](CC1=CC=CC=C1)NC(=O)[C@H](NS(=O)(=O)CCC1=CC=CC=N1)C(C)C,2024-12-18 06:19:34.647379+00:00,Choongho Lee,-3.9,837.1,2.3,216.8,0.4,C42H56N6O8S2,58,23,6,10,223.1,Soluble,Fail,Fail,39.7,4.3,Unstable,Unstable,Low,Low,Yes,No,No,Yes,Yes,Yes,Yes,Yes,Yes,Yes,Yes,Yes,,,No,,2.33,10.51,0.21,6.47,4.06,,,,,
0,,,,CHEMBL11287,COC1=CC=C(SC[C@H](NS(C)(=O)=O)C(=O)N[C@@H](CC2=CC=CC=C2)[C@H](O)CC2=CC=CC=C2C(=O)NC(C)(C)C)C=C1,2024-12-18 06:19:34.647372+00:00,Choongho Lee,-3.9,627.8,3.6,133.8,0.4,C32H41N3O6S2,43,14,4,7,170.9,Moderate,Fail,Fail,57.9,4.9,Unstable,Unstable,Low,High,No,No,No,Yes,Yes,Yes,Yes,Yes,Yes,Yes,Yes,Yes,,,No,,3.56,12.42,0.25,4.24,5.83,,,,,
0,,,,CHEMBL112859,CC(C)[C@H](NC(=O)OCC1=CC=CC=N1)C(=O)N[C@@H](CC1=CC=CC=C1)[C@@H](O)[C@@H](O)[C@H](CC1=CC=CC=C1)NC(=O)[C@H](NC(=O)OCC1=CC=CC=N1)C(C)C,2024-12-18 06:19:34.647366+00:00,Choongho Lee,-4.2,768.9,3.9,201.1,0.4,C42H52N6O8,56,19,6,10,208.5,Soluble,Fail,Fail,54.8,4.5,Unstable,Unstable,Low,High,Yes,No,No,Yes,Yes,Yes,Yes,Yes,Yes,Yes,Yes,Yes,,,No,,3.86,,,,,,,,,
0,,,,CHEMBL112846,CC(C)[C@H](NC(=O)CN1CCOCC1)C(=O)N[C@@H](CC1=CC=CC=C1)[C@@H](O)[C@@H](O)[C@H](CC1=CC=CC=C1)NC(=O)[C@H](NC(=O)CN1CCOCC1)C(C)C,2024-12-18 06:19:34.647359+00:00,Choongho Lee,-3.6,753,0.1,181.8,0.6,C40H60N6O8,54,19,6,10,204.2,Soluble,Fail,Fail,41.4,4.7,Unstable,Unstable,Low,High,No,No,No,No,No,No,Yes,Yes,Yes,Yes,Yes,Yes,,,No,,0.11,10.79,0.21,8.01,4.47,,,,,
0,,,,CHEMBL112578,CC(C)[C@H](NS(=O)(=O)CCC1=CC=NC=C1)C(=O)N[C@@H](CC1=CC=CC=C1)[C@@H](O)[C@@H](O)[C@H](CC1=CC=CC=C1)NC(=O)[C@H](NS(=O)(=O)CCC1=CC=NC=C1)C(C)C,2024-12-18 06:19:34.647353+00:00,Choongho Lee,-4.2,837.1,2.3,216.8,0.4,C42H56N6O8S2,58,23,6,10,223.1,Soluble,Fail,Fail,35.9,4.6,Unstable,Unstable,Low,Low,Yes,No,No,Yes,Yes,Yes,Yes,Yes,Yes,Yes,Yes,Yes,,,No,,2.33,9.85,0.19,5.91,3.8,,,,,
0,,,,CHEMBL112569,CC(C)[C@H](NC(=O)OCCN1CCCC1)C(=O)N[C@@H](CC1=CC=CC=C1)[C@@H](O)[C@H](CC1=CC=CC=C1)NC(=O)[C@H](NC(=O)OCC1=CC=CC=C1)C(C)C,2024-12-18 06:19:34.647347+00:00,Choongho Lee,-3.5,743.9,4.6,158.3,0.5,C42H57N5O7,54,19,5,8,207.3,Soluble,Fail,Fail,57.1,4.2,Unstable,Unstable,Low,High,Yes,No,No,No,Yes,Yes,Yes,Yes,Yes,Yes,Yes,Yes,,,No,,4.6,10.56,0.2,3.25,4.96,,,,,
0,,,,CHEMBL112546,CC(C)[C@H](NC(=O)OCC1=CC=NC=C1)C(=O)N[C@@H](CC1=CC=CC=C1)[C@@H](O)[C@H](CC1=CC=CC=C1)NC(=O)[C@H](NC(=O)OCC1=CC=CC=C1)C(C)C,2024-12-18 06:19:34.647341+00:00,Choongho Lee,-4.3,737.9,5.1,168,0.4,C42H51N5O7,54,18,5,8,204.7,Moderate,Fail,Fail,61.8,4.3,Unstable,Unstable,Low,High,Yes,No,Yes,Yes,Yes,Yes,Yes,Yes,Yes,Yes,Yes,Yes,,,No,,5.1,11.05,0.21,3.05,4.85,,,,,
0,,,,CHEMBL112416,CC(C)[C@H](NC(=O)N(C)CC1=NC2=CC=CC=C2N1)C(=O)N[C@@H](CC1=CC=CC=C1)[C@H](O)[C@H](O)[C@H](CC1=CC=CC=C1)NC(=O)[C@H](NC(=O)N(C)CC1=NC2=CC=CC=C2N1)C(C)C,2024-12-18 06:19:34.647334+00:00,Choongho Lee,-3.5,873.1,4.6,220.7,0.4,C48H60N10O6,64,19,8,8,245.6,Moderate,Fail,Fail,30.6,4.1,Unstable,Unstable,Low,High,Yes,No,No,Yes,Yes,Yes,Yes,Yes,Yes,Yes,Yes,Yes,,,No,,4.65,,,,,,,,,
0,,,,CHEMBL112412,CC(C)[C@H](NC(=O)OCCN1CCOCC1)C(=O)N[C@@H](CC1=CC=CC=C1)[C@@H](O)[C@H](CC1=CC=CC=C1)NC(=O)[C@H](NC(=O)OCC1=CC=CC=C1)C(C)C,2024-12-18 06:19:34.647328+00:00,Choongho Lee,-3.5,759.9,3.8,167.6,0.5,C42H57N5O8,55,19,5,9,208.9,Moderate,Fail,Fail,55.6,4.2,Unstable,Unstable,Low,High,Yes,No,No,No,Yes,Yes,Yes,Yes,Yes,Yes,Yes,Yes,,,No,,3.84,10.59,0.2,4.21,4.8,,,,,
0,,,,CHEMBL112257,CSC1=NC=CC=C1CN1CCN(C[C@@H](O)C[C@@H](CC2=CC=CC=C2)C(=O)NC2C3=CC=CC=C3C[C@H]2O)[C@H](C(=O)NC(C)(C)C)C1,2024-12-18 06:19:34.647322+00:00,Choongho Lee,-3.4,659.9,3.6,118,0.5,C37H49N5O4S,47,12,4,8,185.8,Moderate,Fail,Fail,46.6,4.9,Unstable,Unstable,Low,Low,No,No,No,No,Yes,Yes,Yes,Yes,Yes,Yes,Yes,Yes,,,No,,3.59,14.52,0.28,6,8.12,,,,,
0,,,,CHEMBL112186,CC(C)[C@H](NC(=O)OCC1=CC=CN=C1)C(=O)N[C@@H](CC1=CC=CC=C1)C(O)[C@H](CC1=CC=CC=C1)NC(=O)[C@H](NC(=O)OCC1=CC=CN=C1)C(C)C,2024-12-18 06:19:34.647316+00:00,Choongho Lee,-3.6,738.9,4.5,180.9,0.4,C41H50N6O7,54,18,5,9,202.5,Soluble,Fail,Fail,59.5,4.6,Unstable,Unstable,Low,High,Yes,No,Yes,Yes,Yes,Yes,Yes,Yes,Yes,Yes,Yes,Yes,,,No,,4.49,11.05,0.21,3.68,4.52,,,,,
0,,,,CHEMBL112138,CC(C)[C@H](NC(=O)N(C)CC1=CC=CC=N1)C(=O)N[C@@H](CC1=CC=CC=C1)[C@@H](O)[C@H](O)[C@H](CC1=CC=CC=C1)NC(=O)[C@H](NC(=O)N(C)CC1=CC=CC=N1)C(C)C,2024-12-18 06:19:34.647309+00:00,Choongho Lee,-3.6,795,3.7,189.1,0.4,C44H58N8O6,58,19,6,8,221.9,Moderate,Fail,Fail,38.1,4.5,Unstable,Unstable,Low,High,Yes,No,No,Yes,Yes,Yes,Yes,Yes,Yes,Yes,Yes,Yes,,,No,,3.69,,,,,,,,,
0,,,,CHEMBL111958,CC[C@H](C)[C@H](NC(=O)[C@@H]1CCCN1C[C@@H](O)[C@H](CC1=CC=CC=C1)NC(=O)[C@H](CC(N)=O)NC(=O)OCC1=CC=CC=C1)C(=O)N[C@H](C(=O)OC)C(C)C,2024-12-18 06:19:34.647303+00:00,Choongho Lee,-3.7,752.9,1.6,218.5,0.5,C39H56N6O9,54,20,6,10,200.2,Moderate,Fail,Fail,46.6,3.5,Unstable,Unstable,Low,High,No,No,No,No,Yes,No,Yes,Yes,Yes,Yes,Yes,Yes,,,No,,1.55,10.47,0.2,6.34,3.61,,,,,
0,,,,CHEMBL111957,CC(C)[C@H](NC(=O)/C=C/C1=CC=CN=C1)C(=O)N[C@@H](CC1=CC=CC=C1)[C@@H](O)[C@@H](O)[C@H](CC1=CC=CC=C1)NC(=O)[C@H](NC(=O)/C=C/C1=CC=CN=C1)C(C)C,2024-12-18 06:19:34.647296+00:00,Choongho Lee,-4,760.9,3.7,182.6,0.3,C44H52N6O6,56,19,6,8,216.2,Soluble,Fail,Fail,46.9,4.9,Unstable,Unstable,Low,High,No,No,No,Yes,Yes,No,Yes,Yes,Yes,Yes,Yes,Yes,,,No,,3.66,10.88,0.2,4.62,4.53,,,,,
0,,,,CHEMBL11193,CC(=O)N[C@@H](CC(=O)OCC1=CC=CC=C1)C(=O)N[C@@H](CC1=CC=CC=C1)[C@H](O)CC1=CC=CC=C1C(=O)NC(C)(C)C,2024-12-18 06:19:34.647289+00:00,Choongho Lee,-4.3,587.7,3.5,133.8,0.4,C34H41N3O6,43,13,4,6,163.9,Soluble,Fail,Fail,66.1,4.9,Unstable,Unstable,Low,High,Yes,No,No,No,Yes,No,Yes,Yes,Yes,Yes,Yes,Yes,,,No,,3.48,12.03,0.22,3.59,5.28,,,,,
0,,,,CHEMBL11143,CC(C)(C)NC(=O)C1=CC=CC=C1C[C@@H](O)[C@H](CC1=CC=CC=C1)NC(=O)[C@H](CS(=O)(=O)C1=CC=CC2=CC=CC=C12)NS(C)(=O)=O,2024-12-18 06:19:34.647283+00:00,Choongho Lee,-4.2,679.9,3.4,158.7,0.3,C35H41N3O7S2,47,13,4,7,183.2,Moderate,Fail,Fail,61.2,4.8,Unstable,Unstable,Low,High,No,No,No,Yes,Yes,No,Yes,No,Yes,Yes,Yes,Yes,,,No,,3.39,13.76,0.27,5.97,5.89,,,,,
0,,,,CHEMBL11142,CCCC(=O)N[C@@H](CC(=O)OCC1=CC=CC=C1)C(=O)N[C@@H](CC1=CC=CC=C1)[C@H](O)CC1=CC=CC=C1C(=O)NC(C)(C)C,2024-12-18 06:19:34.647277+00:00,Choongho Lee,-4.7,615.8,4.3,133.8,0.4,C36H45N3O6,45,15,4,6,173.1,Soluble,Fail,Fail,61.8,4.7,Unstable,Unstable,Low,High,Yes,No,No,Yes,Yes,No,Yes,Yes,Yes,Yes,Yes,Yes,,,No,,4.26,10.54,0.2,2.23,4.85,,,,,
0,,,,CHEMBL111388,CC(C)[C@H](NC(=O)N(C)CC1=CC=CC=N1)C(=O)N[C@@H](CC1=CC=CC=C1)[C@H](O)[C@@H](O)[C@H](CC1=CC=CC=C1)NC(=O)[C@H](NC(=O)N(C)CC1=CC=CN=C1)C(C)C,2024-12-18 06:19:34.647270+00:00,Choongho Lee,-4.2,795,3.7,189.1,0.4,C44H58N8O6,58,19,6,8,221.9,Moderate,Fail,Fail,36.7,4.4,Unstable,Unstable,Low,High,Yes,No,No,Yes,Yes,Yes,Yes,Yes,Yes,Yes,Yes,Yes,,,No,,3.69,,,,,,,,,
0,,,,CHEMBL11137,CC(C)(C)NC(=O)C1=CC=CC=C1C[C@@H](O)[C@H](CC1=CC=CC=C1)NC(=O)[C@H](C[S+]([O-])C1=CC=CC=C1)NS(C)(=O)=O,2024-12-18 06:19:34.647263+00:00,Choongho Lee,-4.4,613.8,2.6,147.7,0.4,C31H39N3O6S2,42,13,4,6,164.9,Moderate,Fail,Fail,54,5.1,Stable,Unstable,Low,High,No,No,No,No,Yes,Yes,Yes,Yes,Yes,Yes,Yes,Yes,,,No,,2.57,14.21,0.28,6.15,5.91,,,,,
0,,,,CHEMBL111259,CC(C)C(NC(=O)OCC1=CC=CC=C1)C(=O)NN(CC1CCCCC1)C[C@H](O)[C@H](CC1=CC=CC=C1)NC(=O)[C@H](CC(N)=O)NC(=O)C1=CC=C2C=CC=CC2=N1,2024-12-18 06:19:34.647257+00:00,Choongho Lee,-4.3,794,4.2,205.1,0.4,C44H55N7O7,58,19,6,9,219.6,Moderate,Fail,Fail,51.4,5,Unstable,Unstable,Low,High,Yes,No,No,Yes,Yes,Yes,Yes,Yes,Yes,Yes,Yes,Yes,,,No,,4.16,9.3,0.17,3.23,3.6,,,,,
0,,,,CHEMBL11116,CC(C)(C)NC(=O)C1=CC=CC=C1C[C@@H](O)[C@H](CC1=CC=CC=C1)NC(=O)[C@H](C[S+]([O-])C1=CC=CC2=CC=CC=C12)NS(C)(=O)=O,2024-12-18 06:19:34.647250+00:00,Choongho Lee,-4,663.9,3.7,147.7,0.3,C35H41N3O6S2,46,13,4,6,182.4,Moderate,Fail,Fail,51.5,5.2,Unstable,Unstable,Low,High,No,No,No,No,Yes,Yes,Yes,Yes,Yes,Yes,Yes,Yes,,,No,,3.72,14.08,0.28,5.63,6.33,,,,,
0,,,,CHEMBL111143,CC(C)(C)OC(=O)N[C@@H](CC1=CC=CC=C1)[C@@H](O)C[C@@H](CC1=CC=CC=C1)C(=O)N[C@H]1C2=CC=CC=C2OC[C@H]1O,2024-12-18 06:19:34.647244+00:00,Choongho Lee,-3.9,560.7,4.3,117.1,0.4,C33H40N2O6,41,10,4,6,156.4,Soluble,Fail,Pass,66.8,5.2,Unstable,Unstable,Low,High,No,No,No,Yes,Yes,Yes,Yes,Yes,Yes,Yes,Yes,Yes,,,No,,4.34,17.39,0.32,5.41,8.32,,,,,
0,,,,CHEMBL110865,CC(C)[C@H](NS(=O)(=O)CCC1=CC=NC=C1)C(=O)N[C@@H](CC1=CC=CC=C1)[C@H](O)[C@H](O)[C@H](CC1=CC=CC=C1)NC(=O)[C@H](NS(=O)(=O)CCC1=CC=NC=C1)C(C)C,2024-12-18 06:19:34.647238+00:00,Choongho Lee,-4,837.1,2.3,216.8,0.4,C42H56N6O8S2,58,23,6,10,223.1,Moderate,Fail,Fail,38.2,4.4,Unstable,Unstable,Low,Low,Yes,No,No,Yes,Yes,Yes,Yes,Yes,Yes,Yes,Yes,Yes,,,No,,2.33,9.42,0.19,5.56,3.64,,,,,
0,,,,CHEMBL110603,CC(C)[C@H](NC(=O)OCC1CCCCN1C)C(=O)N[C@@H](CC1=CC=CC=C1)[C@@H](O)[C@H](CC1=CC=CC=C1)NC(=O)[C@H](NC(=O)OCC1=CC=CC=C1)C(C)C,2024-12-18 06:19:34.647231+00:00,Choongho Lee,-4,758,5,158.3,0.5,C43H59N5O7,55,18,5,8,211.9,Insoluble,Fail,Fail,52.9,4.3,Unstable,Unstable,Low,High,Yes,No,No,No,Yes,Yes,Yes,Yes,Yes,Yes,Yes,Yes,,,No,,4.99,9.5,0.18,2.21,4.55,,,,,
0,,,,CHEMBL110557,CCOC(=O)NC(C(=O)NN(CC1CCCCC1)C[C@H](O)[C@H](CC1=CC=CC=C1)NC(=O)[C@H](CC(N)=O)NC(=O)C1=CC=C2C=CC=CC2=N1)C(C)C,2024-12-18 06:19:34.647225+00:00,Choongho Lee,-3.7,731.9,3,205.1,0.5,C39H53N7O7,53,18,6,9,200,Moderate,Fail,Fail,47.6,5.1,Unstable,Unstable,Low,High,Yes,No,No,No,Yes,Yes,Yes,Yes,Yes,Yes,Yes,Yes,,,No,,2.98,9.43,0.18,3.92,3.36,,,,,
0,,,,CHEMBL11050,CC(C)(C)NC(=O)C1=CC=CC=C1C[C@@H](O)[C@H](CC1=CC=CC=C1)NC(=O)[C@H](CSC1=CC=C2C=CC=CC2=C1)NS(C)(=O)=O,2024-12-18 06:19:34.647218+00:00,Choongho Lee,-3.9,647.9,4.7,124.6,0.3,C35H41N3O5S2,45,13,4,6,181.9,Moderate,Fail,Fail,62.1,4.8,Unstable,Unstable,Low,High,Yes,No,No,Yes,Yes,Yes,Yes,Yes,Yes,Yes,Yes,Yes,,,No,,4.71,13.5,0.27,4.03,7.02,,,,,
0,,,,CHEMBL110348,CC(C)(C)OC(=O)N[C@@H](CC1=CC=CC=C1)[C@@H](O)C[C@@H](CC1=CC=CC=C1)C(=O)N[C@@H]1C2=CC=CC=C2OC[C@@H]1O,2024-12-18 06:19:34.647212+00:00,Choongho Lee,-3.7,560.7,4.3,117.1,0.4,C33H40N2O6,41,10,4,6,156.4,Moderate,Fail,Pass,66.2,5.2,Unstable,Unstable,Low,High,No,No,Yes,Yes,Yes,Yes,Yes,Yes,Yes,Yes,Yes,Yes,,,No,,4.34,13.18,0.25,3.05,6.31,,,,,
0,,,,CHEMBL11008,CC(=O)N[C@@H](CSC1=CC=CC=C1)C(=O)N[C@@H](CC1=CC=CC=C1)[C@H](O)CC1=CC=CC=C1C(=O)NC(C)(C)C,2024-12-18 06:19:34.647206+00:00,Choongho Lee,-3.5,561.7,4.1,107.5,0.3,C32H39N3O4S,40,12,4,5,160.2,Moderate,Fail,Fail,62.8,5.1,Unstable,Unstable,Low,High,No,No,No,No,Yes,No,Yes,Yes,Yes,Yes,Yes,Yes,,,No,,4.14,11.85,0.23,2.52,6.19,,,,,
0,,,,CHEMBL109992,CC(C)[C@H](NS(=O)(=O)CCC1=CC=CC=N1)C(=O)N[C@@H](CC1=CC=CC=C1)[C@@H](O)[C@@H](O)[C@H](CC1=CC=CC=C1)NC(=O)[C@H](NS(=O)(=O)CCC1=CC=CC=N1)C(C)C,2024-12-18 06:19:34.647200+00:00,Choongho Lee,-4,837.1,2.3,216.8,0.4,C42H56N6O8S2,58,23,6,10,223.1,Soluble,Fail,Fail,37.2,4.5,Unstable,Unstable,Low,Low,Yes,No,No,Yes,Yes,Yes,Yes,Yes,Yes,Yes,Yes,Yes,,,No,,2.33,,,,,,,,,
0,,,,CHEMBL109976,CC(C)[C@H](NC(=O)OCC1=CC=CC=C1)C(=O)N[C@@H](CC1=CC=CC=C1)[C@H](O)[C@H](O)[C@H](CC1=CC=CC=C1)NC(=O)[C@H](NC(=O)OCC1=CC=CC=C1)C(C)C,2024-12-18 06:19:34.647193+00:00,Choongho Lee,-4,766.9,5.1,175.3,0.4,C44H54N4O8,56,19,6,8,212.9,Moderate,Fail,Fail,63.5,4.4,Unstable,Unstable,Low,High,Yes,No,Yes,Yes,Yes,Yes,Yes,Yes,Yes,Yes,Yes,Yes,,,No,,5.07,,,,,,,,,
0,,,,CHEMBL109952,O=C(N[C@H]1C2=CC=CC=C2C[C@H]1O)[C@H](CC1=CC=CC=C1)CC(O)C[C@@H](CC1=CC=CC=C1)C(=O)N[C@H]1C2=CC=CC=C2C[C@H]1O,2024-12-18 06:19:34.647187+00:00,Choongho Lee,-3.5,618.8,4.4,118.9,0.3,C39H42N2O5,46,12,5,5,176.6,Moderate,Fail,Fail,50.9,4.9,Unstable,Unstable,Low,Low,Yes,No,No,Yes,Yes,Yes,Yes,Yes,Yes,Yes,Yes,Yes,,,No,,4.39,14.8,0.27,4.77,7.7,,,,,
0,,,,CHEMBL109699,CC(C)[C@H](NC(=O)CCN1CCOCC1)C(=O)N[C@@H](CC1=CC=CC=C1)[C@@H](O)[C@@H](O)[C@H](CC1=CC=CC=C1)NC(=O)[C@H](NC(=O)CCN1CCOCC1)C(C)C,2024-12-18 06:19:34.647181+00:00,Choongho Lee,-3.8,781,0.9,181.8,0.6,C42H64N6O8,56,21,6,10,213.5,Soluble,Fail,Fail,41.8,4.5,Unstable,Unstable,Low,High,Yes,No,No,No,No,No,Yes,Yes,Yes,Yes,Yes,Yes,,,No,,0.89,9.78,0.19,6.75,4.2,,,,,
0,,,,CHEMBL109500,CC[C@H](C)[C@H](NC(=O)[C@@H]1CCCN1C[C@H](O)[C@H](CC1=CC=CC=C1)NC(=O)[C@H](CC(N)=O)NC(=O)[C@H](CC(C)C)NC(=O)[C@H](CO)NC(C)=O)C(=O)N[C@H](C(=O)OC)C(C)C,2024-12-18 06:19:34.647174+00:00,Choongho Lee,-3.5,861.1,-1.2,287.7,0.7,C42H68N8O11,61,25,9,12,224.7,Moderate,Fail,Fail,33.9,3.5,Unstable,Unstable,Low,High,No,No,No,No,No,No,No,Yes,Yes,Yes,Yes,Yes,,,No,,-1.23,,,,,,,,,
0,,,,CHEMBL109371,CC(C)[C@H](NC(=O)OCC1=CC=CC=N1)C(=O)N[C@@H](CC1=CC=CC=C1)[C@@H](O)[C@H](CC1=CC=CC=C1)NC(=O)[C@H](NC(=O)OCC1=CC=CC=C1)C(C)C,2024-12-18 06:19:34.647168+00:00,Choongho Lee,-4.7,737.9,5.1,168,0.4,C42H51N5O7,54,18,5,8,204.7,Moderate,Fail,Fail,63.2,4.4,Unstable,Unstable,Low,High,Yes,No,Yes,Yes,Yes,Yes,Yes,Yes,Yes,Yes,Yes,Yes,,,No,,5.1,11.55,0.22,3.42,5.07,,,,,
0,,,,CHEMBL109221,CC(C)[C@H](NC(=O)OCC1=CC=NC=C1)C(=O)N[C@@H](CC1=CC=CC=C1)[C@H](O)[C@H](O)[C@H](CC1=CC=CC=C1)NC(=O)[C@H](NC(=O)OCC1=CC=NC=C1)C(C)C,2024-12-18 06:19:34.647162+00:00,Choongho Lee,-4,768.9,3.9,201.1,0.4,C42H52N6O8,56,19,6,10,208.5,Moderate,Fail,Fail,55.1,4.2,Unstable,Unstable,Low,High,Yes,No,Yes,Yes,Yes,Yes,Yes,Yes,Yes,Yes,Yes,Yes,,,No,,3.86,11.23,0.21,4.78,4.3,,,,,
0,,,,CHEMBL109220,CC(C)[C@H](NC(=O)CCC1=CC=CN=C1)C(=O)N[C@@H](CC1=CC=CC=C1)C(O)[C@H](CC1=CC=CC=C1)NC(=O)[C@H](NC(=O)CCC1=CC=CN=C1)C(C)C,2024-12-18 06:19:34.647156+00:00,Choongho Lee,-3.5,734.9,4.1,162.4,0.4,C43H54N6O5,54,20,5,7,208.8,Soluble,Fail,Fail,51.2,4.7,Unstable,Unstable,Low,High,Yes,No,No,Yes,Yes,Yes,Yes,Yes,Yes,Yes,Yes,Yes,,,No,,4.14,10.42,0.19,3.52,4.71,,,,,
0,,,,CHEMBL108960,CC(C)(C)OC(=O)N[C@@H](CC1=CC=CC=C1)[C@@H](O)C[C@@](C)(CC1=CC=CC=C1)C(=O)N[C@H]1C2=CC=CC=C2C[C@H]1O,2024-12-18 06:19:34.647149+00:00,Choongho Lee,-3.7,558.7,4.9,107.9,0.4,C34H42N2O5,41,10,4,5,159.2,Moderate,Fail,Pass,57.9,4.9,Unstable,Unstable,Low,Low,No,No,No,Yes,Yes,Yes,Yes,Yes,Yes,Yes,Yes,Yes,,,No,,4.9,14.52,0.27,3.21,7.52,,,,,
0,,,,CHEMBL108918,CC(C)(C)OC(=O)N[C@@H](CC1=CC=CC=C1)[C@@H](O)C[C@@H](CSC1=CC=CC=C1)C(=O)N[C@H]1C2=CC=CC=C2C[C@H]1O,2024-12-18 06:19:34.647143+00:00,Choongho Lee,-4,576.8,5.1,107.9,0.4,C33H40N2O5S,41,11,4,6,161.6,Moderate,Fail,Fail,62.5,5.2,Unstable,Unstable,Low,Low,No,No,No,Yes,Yes,Yes,Yes,Yes,Yes,Yes,Yes,Yes,,,No,,5.06,16.65,0.32,4.54,8.9,,,,,
0,,,,CHEMBL10890,CC(C)(C)NC(=O)C1=CC=CC=C1C[C@@H](O)[C@H](CC1=CC=CC=C1)NC(=O)[C@@H](N)CC(=O)OCC1=CC=CC=C1,2024-12-18 06:19:34.647137+00:00,Choongho Lee,-4,545.7,3.3,130.8,0.3,C32H39N3O5,40,12,4,6,154.3,Soluble,Fail,Fail,69.4,4.9,Unstable,Unstable,Low,High,No,No,No,Yes,Yes,Yes,Yes,Yes,Yes,Yes,Yes,Yes,,,No,,3.31,,,,,,,,,
0,,,,CHEMBL108807,COC(=O)N[C@H](C(=O)N[C@@H](CC1=CC=CC=C1)C(O)CN(CC(C)C)NC(=O)[C@@H](NC(=O)OC)C(C)C)C(C)C,2024-12-18 06:19:34.647131+00:00,Choongho Lee,-3.2,565.7,1.8,158.3,0.6,C28H47N5O7,40,15,5,8,151,Soluble,Fail,Fail,63,5.2,Unstable,Unstable,Low,High,No,No,No,Yes,Yes,No,Yes,Yes,Yes,Yes,Yes,Yes,,,No,,1.83,13.06,0.25,5.56,4.67,,,,,
0,,,,CHEMBL108471,CC(C)(C)OC(=O)N[C@@H](CC1=CC=CC=C1)[C@@H](O)C[C@@H](CC1=CC=CC=C1)C(=O)N[C@H]1CCCC[C@H]1O,2024-12-18 06:19:34.647125+00:00,Choongho Lee,-3.8,510.7,4.2,107.9,0.5,C30H42N2O5,37,10,4,5,144,Soluble,Fail,Pass,66.1,5.1,Unstable,Unstable,Low,High,No,No,No,Yes,Yes,No,Yes,Yes,Yes,Yes,Yes,Yes,,,No,,4.15,13.54,0.26,2.76,6.41,,,,,
0,,,,CHEMBL108429,COCCOC(=O)NC(C(=O)N[C@@H](CC1=CC=CC=C1)[C@H](O)CN(CC1CCCCC1)NC(=O)C(NC(=O)OCCOC)C(C)C)C(C)C,2024-12-18 06:19:34.647119+00:00,Choongho Lee,-3.9,693.9,2.8,176.8,0.7,C35H59N5O9,49,21,5,10,184.3,Moderate,Fail,Fail,59.4,5.1,Unstable,Unstable,Low,High,Yes,No,No,No,Yes,No,Yes,No,Yes,Yes,Yes,Yes,,,No,,2.78,9.78,0.19,4.01,3.84,,,,,
0,,,,CHEMBL108102,COC(=O)N[C@H](C(=O)N[C@@H](CC1=CC=CC=C1)C(O)CN(CC1=CC=C(F)C=C1)NC(=O)[C@@H](NC(=O)OC)C(C)C)C(C)C,2024-12-18 06:19:34.647113+00:00,Choongho Lee,-3.5,617.7,2.5,158.3,0.5,C31H44FN5O7,44,15,5,8,161.4,Moderate,Fail,Fail,65.8,5.2,Unstable,Unstable,Low,High,No,No,No,Yes,Yes,Yes,Yes,Yes,Yes,Yes,Yes,Yes,,,No,,2.51,11.94,0.23,4.87,4.66,,,,,
0,,,,CHEMBL10777,CC(C)(C)NC(=O)C1=CC=CC=C1C[C@@H](O)[C@H](CC1=CC=CC=C1)NC(=O)[C@H](CSC1=CC=CC=C1)NS(C)(=O)=O,2024-12-18 06:19:34.647107+00:00,Choongho Lee,-3.9,597.8,3.6,124.6,0.4,C31H39N3O5S2,41,13,4,6,164.4,Moderate,Fail,Fail,65.2,5.1,Unstable,Unstable,Low,High,No,No,No,Yes,Yes,Yes,Yes,Yes,Yes,Yes,Yes,Yes,,,No,,3.56,12.31,0.25,3.8,5.9,,,,,
0,,,,CHEMBL107748,CCNC(=O)[C@@H](NC(=O)C1=CC=CC=C1C1=CC=CC=C1)[C@@H]1N[C@@H](C(=O)NCCNC(=O)[C@@H]2N[C@@H]([C@H](NC(=O)C3=CC=CC=C3C3=CC=CC=C3)C(=O)NCC)SC2(C)C)C(C)(C)S1,2024-12-18 06:19:34.647101+00:00,Choongho Lee,-4,907.2,4,198.7,0.4,C48H58N8O6S2,64,17,8,10,254.4,Moderate,Fail,Fail,0,4.9,Unstable,Unstable,Low,Low,Yes,No,No,No,Yes,Yes,Yes,Yes,Yes,Yes,Yes,Yes,,,No,,4.04,8.82,0.17,3.96,4.03,,,,,
0,,,,CHEMBL107744,CC1(C)S[C@H]([C@H](NC(=O)CC2=CC=CC=C2)C(=O)NCC2=CC=CC=C2)N[C@H]1C(=O)N[C@H](CC1=CC=CC=C1)[C@H](O)CC(=O)N[C@@H](CO)C1=CC=CC=C1,2024-12-18 06:19:34.647095+00:00,Choongho Lee,-3.8,752,3.2,168.9,0.3,C42H49N5O6S,54,17,7,8,209.9,Soluble,Fail,Fail,54.1,4.8,Unstable,Unstable,Low,Low,Yes,No,No,No,Yes,Yes,Yes,Yes,Yes,Yes,Yes,Yes,,,No,,3.17,8.94,0.17,3.55,3.98,,,,,
0,,,,CHEMBL107701,CCOC(=O)NC(C(=O)NN(CC1CCCCC1)C[C@@H](O)[C@H](CC1=CC=CC=C1)NC(=O)C(NC(=O)OCCOC)C(C)C)C(C)C,2024-12-18 06:19:34.647090+00:00,Choongho Lee,-3.4,663.9,3.2,167.6,0.7,C34H57N5O8,47,19,5,9,178.1,Moderate,Fail,Fail,52.3,5.1,Unstable,Unstable,Low,High,Yes,No,No,No,Yes,No,Yes,No,Yes,Yes,Yes,Yes,,,No,,3.16,10.35,0.2,3.71,4.1,,,,,
0,,,,CHEMBL107559,CCOC(=O)NC(C(=O)NN(CC1CCCCC1)C[C@@H](O)[C@H](CC1=CC=CC=C1)NC(=O)C(NC(=O)OC)C(C)C)C(C)C,2024-12-18 06:19:34.647084+00:00,Choongho Lee,-3.7,619.8,3.1,158.3,0.7,C32H53N5O7,44,16,5,8,167.3,Moderate,Fail,Fail,58.2,5.1,Unstable,Unstable,Low,High,No,No,No,Yes,Yes,Yes,Yes,No,Yes,Yes,Yes,Yes,,,No,,3.14,11.7,0.23,4.11,4.58,,,,,
0,,,,CHEMBL107393,CCNC(=O)[C@@H](NC(=O)CC1=CC=CS1)[C@@H]1N[C@@H](C(=O)NCCNC(=O)[C@@H]2N[C@@H]([C@H](NC(=O)CC3=CC=CS3)C(=O)NCC)SC2(C)C)C(C)(C)S1,2024-12-18 06:19:34.647078+00:00,Choongho Lee,-3.9,795.1,0.7,198.7,0.6,C34H50N8O6S4,52,17,8,12,208.1,Soluble,Fail,Fail,2.4,4.9,Unstable,Unstable,Low,Low,No,No,No,No,No,No,Yes,Yes,Yes,Yes,Yes,Yes,,,No,,0.69,9.84,0.21,7.13,3.94,,,,,
0,,,,CHEMBL107369,COC(=O)[C@@H]1CC2=CC=CC=C2[C@@H]1NC(=O)[C@H](CC1=CC=CC=C1)C[C@H](O)[C@H](CC1=CC=CC=C1)NC(=O)OC(C)(C)C,2024-12-18 06:19:34.647072+00:00,Choongho Lee,-3.6,586.7,4.9,114,0.4,C35H42N2O6,43,11,3,6,164.1,Moderate,Fail,Fail,61.5,5.1,Unstable,Unstable,Low,High,Yes,No,Yes,Yes,Yes,No,Yes,Yes,Yes,Yes,Yes,Yes,,,No,,4.94,12.24,0.23,2.24,6.3,,,,,
0,,,,CHEMBL107310,CC1(C)S[C@H]([C@H](NC(=O)CC2=CC=CC=C2)C(=O)NCC(=O)O)N[C@H]1C(=O)NCCNC(=O)[C@@H]1N[C@@H]([C@H](NC(=O)CC2=CC=CC=C2)C(=O)NCC(=O)O)SC1(C)C,2024-12-18 06:19:34.647067+00:00,Choongho Lee,-4,843,-1.3,273.3,0.5,C38H50N8O10S2,58,19,10,12,216.2,Soluble,Fail,Fail,38.2,4.7,Stable,Stable,Low,Low,No,No,No,No,No,No,No,Yes,Yes,Yes,Yes,Yes,,,No,,-1.31,8.79,0.17,8.72,2.71,,,,,
0,,,,CHEMBL107259,CC(C)(C)OC(=O)N[C@@H](CC1=CC=C(O)C=C1)[C@@H](O)[C@@H]1CCC[C@H]1C(=O)NCC1=CC=CC=C1,2024-12-18 06:19:34.647061+00:00,Choongho Lee,-3.5,468.6,3.9,107.9,0.5,C27H36N2O5,34,8,4,5,130.1,Soluble,Pass,Pass,59,5.2,Unstable,Unstable,Low,High,No,No,No,Yes,Yes,Yes,Yes,Yes,Yes,Yes,Yes,Yes,,,No,,3.92,13.3,0.25,2.31,5.77,,,,,
0,,,,CHEMBL107250,CC1(C)S[C@H]([C@@H](CO)NC(=O)CC2=CC=CC=C2)N[C@H]1C(=O)NCCNC(=O)[C@@H]1N[C@@H]([C@@H](CO)NC(=O)CC2=CC=CC=C2)SC1(C)C,2024-12-18 06:19:34.647055+00:00,Choongho Lee,-3.9,700.9,0.3,180.9,0.5,C34H48N6O6S2,48,15,8,10,189.1,Soluble,Fail,Fail,45,5.1,Unstable,Unstable,Low,Low,No,No,No,No,No,No,Yes,Yes,Yes,Yes,Yes,Yes,,,No,,0.28,9.78,0.2,6.57,3.79,,,,,
0,,,,CHEMBL10725,CC(C)(C)NC(=O)C1=CC=CC=C1C[C@@H](O)[C@H](CC1=CC=CC=C1)NC(=O)[C@H](CSC1=CC=C2C=CC=CC2=N1)NS(C)(=O)=O,2024-12-18 06:19:34.647049+00:00,Choongho Lee,-4.4,648.9,4.1,137.5,0.3,C34H40N4O5S2,45,13,4,7,179.7,Moderate,Fail,Fail,56.9,4.8,Unstable,Unstable,Low,High,No,No,No,Yes,Yes,Yes,Yes,Yes,Yes,Yes,Yes,Yes,,,No,,4.1,11.13,0.22,3.12,5.25,,,,,
0,,,,CHEMBL107015,CCNC(=O)[C@@H](NS(=O)(=O)CC1=CC=CC=C1)[C@@H]1N[C@@H](C(=O)NCCNC(=O)[C@@H]2N[C@@H]([C@H](NS(=O)(=O)CC3=CC=CC=C3)C(=O)NCC)SC2(C)C)C(C)(C)S1,2024-12-18 06:19:34.647042+00:00,Choongho Lee,-4,855.1,0.1,232.8,0.6,C36H54N8O8S4,56,19,8,12,220.1,Soluble,Fail,Fail,4.3,5,Unstable,Unstable,Low,Low,No,No,No,No,No,No,Yes,No,Yes,Yes,Yes,Yes,,,No,,0.09,8.46,0.18,7.15,3.11,,,,,
0,,,,CHEMBL106991,CC(C)(C)OC(=O)CNC(=O)[C@@H](NC(=O)CC1=CC=CC=C1)[C@@H]1N[C@@H](C(=O)NCCNC(=O)[C@@H]2N[C@@H]([C@H](NC(=O)CC3=CC=CC=C3)C(=O)NCC(=O)OC(C)(C)C)SC2(C)C)C(C)(C)S1,2024-12-18 06:19:34.647037+00:00,Choongho Lee,-3.5,955.2,1.2,251.3,0.6,C46H66N8O10S2,66,19,8,14,252.6,Moderate,Fail,Fail,2.2,4.8,Unstable,Unstable,Low,Low,No,No,No,No,Yes,No,Yes,No,Yes,Yes,Yes,Yes,,,No,,1.21,8.04,0.16,6.47,3.06,,,,,
0,,,,CHEMBL106965,CCNC(=O)[C@@H](NC(=O)C1=CC=CC=C1OC1=CC=CC=C1)[C@@H]1N[C@@H](C(=O)NCCNC(=O)[C@@H]2N[C@@H]([C@H](NC(=O)C3=CC=CC=C3OC3=CC=CC=C3)C(=O)NCC)SC2(C)C)C(C)(C)S1,2024-12-18 06:19:34.647031+00:00,Choongho Lee,-3.4,939.2,4.3,217.1,0.4,C48H58N8O8S2,66,19,8,12,256.6,Moderate,Fail,Fail,0,4.7,Unstable,Unstable,Low,Low,No,No,No,No,Yes,Yes,Yes,Yes,Yes,Yes,Yes,Yes,,,No,,4.29,7.24,0.14,2.51,3.13,,,,,
0,,,,CHEMBL106805,CC(C)CNC(=O)C[C@@H](O)[C@@H](CC1=CC=CC=C1)NC(=O)[C@@H]1N[C@@H]([C@H](NC(=O)CC2=CC=CC=C2)C(=O)NCC2=CC=CC=C2)SC1(C)C,2024-12-18 06:19:34.647025+00:00,Choongho Lee,-3.3,687.9,3.1,148.7,0.4,C38H49N5O5S,49,16,6,7,193.3,Moderate,Fail,Fail,44.4,5,Unstable,Unstable,Low,Low,No,No,No,No,Yes,Yes,Yes,Yes,Yes,Yes,Yes,Yes,,,No,,3.09,10.41,0.2,4.07,4.82,,,,,
0,,,,CHEMBL106765,CC1(C)S[C@H]([C@H](NC(=O)CC2=CC=CC=C2)C(=O)NCC2=CC=CC=C2)N[C@H]1C(=O)N[C@H](CC1=CC=CC=C1)[C@H](O)CC(=O)NCC1=CC=CC=C1,2024-12-18 06:19:34.647019+00:00,Choongho Lee,-4,721.9,3.6,148.7,0.3,C41H47N5O5S,52,16,6,7,203.7,Moderate,Fail,Fail,61.2,4.9,Unstable,Unstable,Low,Low,Yes,No,No,Yes,Yes,Yes,Yes,Yes,Yes,Yes,Yes,Yes,,,No,,3.63,11.55,0.22,4.71,5.61,,,,,
0,,,,CHEMBL106748,CC1(C)S[C@H]([C@H](NC(=O)CC2=CC=CC=C2)C(=O)N2CCCCC2)N[C@H]1C(=O)NCCNC(=O)[C@@H]1N[C@@H]([C@H](NC(=O)CC2=CC=CC=C2)C(=O)N2CCCCC2)SC1(C)C,2024-12-18 06:19:34.647013+00:00,Choongho Lee,-3.4,863.2,2.3,181.1,0.6,C44H62N8O6S2,60,15,6,10,235.8,Soluble,Fail,Fail,34.2,4.7,Unstable,Unstable,Low,Low,No,No,No,No,No,No,Yes,Yes,Yes,Yes,Yes,Yes,,,No,,2.32,9.45,0.19,5.84,4.51,,,,,
0,,,,CHEMBL106633,CCNC(=O)[C@@H](NC(=O)/C=C\C1=CC=CC=C1)[C@@H]1N[C@@H](C(=O)NCCNC(=O)[C@@H]2N[C@@H]([C@H](NC(=O)/C=C\C3=CC=CC=C3)C(=O)NCC)SC2(C)C)C(C)(C)S1,2024-12-18 06:19:34.647007+00:00,Choongho Lee,-3.8,807.1,1.5,198.7,0.4,C40H54N8O6S2,56,17,8,10,223,Soluble,Fail,Fail,0,5.1,Unstable,Unstable,Low,Low,No,No,No,No,Yes,No,No,Yes,Yes,Yes,Yes,Yes,,,No,,1.51,10.58,0.21,7.03,4.3,,,,,
0,,,,CHEMBL106623,CC1(C)S[C@H]([C@H](NC(=O)CC2=CC=CC=C2)C(=O)OCC2=CC=CC=C2)N[C@H]1C(=O)NCCNC(=O)[C@@H]1N[C@@H]([C@H](NC(=O)CC2=CC=CC=C2)C(=O)OCC2=CC=CC=C2)SC1(C)C,2024-12-18 06:19:34.647000+00:00,Choongho Lee,-3.7,909.1,3.8,193.1,0.4,C48H56N6O8S2,64,19,6,12,247.4,Moderate,Fail,Fail,39.8,4.4,Unstable,Unstable,Low,Low,Yes,No,No,No,Yes,Yes,Yes,Yes,Yes,Yes,Yes,Yes,,,No,,3.78,7.84,0.15,3.34,3.69,,,,,
0,,,,CHEMBL106530,CC(C)[C@H](NC(=O)[C@H](CC1=CC=CC=C1)C[C@H](O)CN1C[C@H]2CCCC[C@H]2C[C@H]1C(=O)NC(C)(C)C)C(=O)NC1=CC=C2C=CC=CC2=N1,2024-12-18 06:19:34.646994+00:00,Choongho Lee,-4,669.9,5.7,123.7,0.6,C40H55N5O4,49,12,4,6,194.7,Moderate,Fail,Fail,49.6,4.8,Unstable,Unstable,Low,High,Yes,No,No,No,Yes,Yes,Yes,Yes,Yes,Yes,Yes,Yes,,,No,,5.72,10.87,0.2,1.56,5.89,,,,,
0,,,,CHEMBL106486,CC(C)[C@H](NC(=O)OCC1=CC=CC=N1)C(=O)N[C@@H](CC1=CC=CC=C1)C(O)[C@H](CC1=CC=CC=C1)NC(=O)[C@H](NC(=O)OCC1=CC=CC=N1)C(C)C,2024-12-18 06:19:34.646989+00:00,Choongho Lee,-4,738.9,4.5,180.9,0.4,C41H50N6O7,54,18,5,9,202.5,Moderate,Fail,Fail,60.5,4.7,Unstable,Unstable,Low,High,Yes,No,Yes,Yes,Yes,Yes,Yes,Yes,Yes,Yes,Yes,Yes,,,No,,4.49,11.26,0.21,3.83,4.6,,,,,
0,,,,CHEMBL106282,CCNC(=O)[C@@H](NC(=O)C1=CC=CC=C1CC1=CC=CC=C1)[C@@H]1N[C@@H](C(=O)NCCNC(=O)[C@@H]2N[C@@H]([C@H](NC(=O)C3=CC=CC=C3CC3=CC=CC=C3)C(=O)NCC)SC2(C)C)C(C)(C)S1,2024-12-18 06:19:34.646983+00:00,Choongho Lee,-3.6,935.2,3.9,198.7,0.4,C50H62N8O6S2,66,19,8,10,262,Moderate,Fail,Fail,0,4.8,Unstable,Unstable,Low,Low,Yes,No,No,No,Yes,Yes,Yes,Yes,Yes,Yes,Yes,Yes,,,No,,3.89,7.64,0.15,3.25,3.6,,,,,
0,,,,CHEMBL105880,CC1(C)S[C@H]([C@H](NC(=O)CC2=CC=CC=N2)C(=O)NCC2=CC=C(Cl)C=C2)N[C@H]1C(=O)NCCNC(=O)[C@@H]1N[C@@H]([C@H](NC(=O)CC2=CC=CC=N2)C(=O)NCC2=CC=C(Cl)C=C2)SC1(C)C,2024-12-18 06:19:34.646977+00:00,Choongho Lee,-3.5,978,3,224.4,0.4,C46H54Cl2N10O6S2,66,19,8,12,257.1,Soluble,Fail,Fail,20.5,4.7,Unstable,Unstable,Low,Low,No,No,No,No,Yes,No,Yes,Yes,Yes,Yes,Yes,Yes,,,No,,3.02,8.31,0.17,5.1,3.62,,,,,
0,,,,CHEMBL105879,CC1(C)S[C@H]([C@H](NC(=O)CC2=CC=CC=C2)C(=O)NCC2=CC=CC=N2)N[C@H]1C(=O)NCCNC(=O)[C@@H]1N[C@@H]([C@H](NC(=O)CC2=CC=CC=C2)C(=O)NCC2=CC=CC=N2)SC1(C)C,2024-12-18 06:19:34.646971+00:00,Choongho Lee,-3.5,909.2,1.7,224.4,0.4,C46H56N10O6S2,64,19,8,12,247.1,Soluble,Fail,Fail,33.7,4.8,Unstable,Unstable,Low,Low,No,No,No,No,No,No,Yes,Yes,Yes,Yes,Yes,Yes,,,No,,1.72,8.75,0.17,6.24,3.55,,,,,
0,,,,CHEMBL105851,CCNC(=O)[C@@H](NC(=O)CC1=CC=CC=C1)[C@@H]1N[C@@H](C(=O)NCCNC(=O)[C@@H]2N[C@@H]([C@H](NC(=O)CC3=CC=CC=C3)C(=O)NCC)SC2(C)C)C(C)(C)S1,2024-12-18 06:19:34.646965+00:00,Choongho Lee,-3.3,783,0.6,198.7,0.5,C38H54N8O6S2,54,17,8,10,212.3,Soluble,Fail,Fail,6,4.9,Unstable,Unstable,Low,Low,No,No,No,No,No,No,Yes,Yes,Yes,Yes,Yes,Yes,,,No,,0.57,10.62,0.21,7.75,4.19,,,,,
0,,,,CHEMBL105695,CC1(C)S[C@H]([C@H](NC(=O)CC2=CC=CC=C2)C(N)=O)N[C@H]1C(=O)NCCNC(=O)[C@@H]1N[C@@H]([C@H](NC(=O)CC2=CC=CC=C2)C(N)=O)SC1(C)C,2024-12-18 06:19:34.646959+00:00,Choongho Lee,-3.6,726.9,-0.7,226.6,0.5,C34H46N8O6S2,50,15,8,10,193.3,Soluble,Fail,Fail,45.5,5.1,Unstable,Unstable,Low,Low,No,No,No,No,No,No,No,Yes,Yes,Yes,Yes,Yes,,,No,,-0.74,11.72,0.23,9.26,3.76,,,,,
0,,,,CHEMBL105459,CNC(=O)[C@@H](NC(=O)[C@H](OCC1=CC=CC=C1)[C@H](O)[C@@H](O)[C@@H](OCC1=CC=CC=C1)C(=O)N[C@H](C(=O)NC)C(C)C)C(C)C,2024-12-18 06:19:34.646953+00:00,Choongho Lee,-3.9,614.7,0.7,175.3,0.5,C32H46N4O8,44,17,6,8,163.7,Soluble,Fail,Fail,54.1,4.5,Unstable,Unstable,Low,High,No,No,No,No,No,No,Yes,Yes,Yes,Yes,Yes,Yes,,,No,,0.65,12.73,0.24,7.17,4.46,,,,,
0,,,,CHEMBL105319,CC(C)(C)OC(=O)N[C@@H](CC1=CC=CC=C1)[C@@H](O)C[C@@H](CSC1=CC=CC=C1)C(=O)N[C@@H]1C2=CC=CC=C2C[C@H]1O,2024-12-18 06:19:34.646947+00:00,Choongho Lee,-4.3,576.8,5.1,107.9,0.4,C33H40N2O5S,41,11,4,6,161.6,Moderate,Fail,Fail,62.9,5.2,Unstable,Unstable,Low,Low,No,No,Yes,Yes,Yes,Yes,Yes,Yes,Yes,Yes,Yes,Yes,,,No,,5.06,16.65,0.32,4.54,8.9,,,,,
0,,,,CHEMBL105299,CC(C)(C)OC(=O)N[C@@H](CC1=CC=CC=C1)[C@@H](O)C[C@@H](CC1=CC=CC=C1)C(=O)N[C@@]1(C)C2=CC=CC=C2C[C@H]1O,2024-12-18 06:19:34.646941+00:00,Choongho Lee,-3.7,558.7,4.7,107.9,0.4,C34H42N2O5,41,10,4,5,159.2,Soluble,Fail,Pass,63.6,5.2,Unstable,Unstable,Low,Low,No,No,No,Yes,Yes,Yes,Yes,Yes,Yes,Yes,Yes,Yes,,,No,,4.68,11.94,0.22,1.99,6.19,,,,,
0,,,,CHEMBL104683,CCNC(=O)[C@@H](NC(=O)CC(C)C)[C@@H]1N[C@@H](C(=O)NCCNC(=O)[C@@H]2N[C@@H]([C@H](NC(=O)CC(C)C)C(=O)NCC)SC2(C)C)C(C)(C)S1,2024-12-18 06:19:34.646936+00:00,Choongho Lee,-3.2,715,0.2,198.7,0.8,C32H58N8O6S2,48,17,8,10,190.9,Moderate,Fail,Fail,9.5,4.9,Unstable,Unstable,Low,Low,No,No,No,No,No,No,No,No,Yes,Yes,Yes,Yes,,,No,,0.17,11.27,0.23,7.89,4.06,,,,,
0,,,,CHEMBL104576,CC1(C)S[C@H]([C@H](NC(=O)CC2=CC=CC=C2)C(=O)NCC2=CC=CC=C2)N[C@H]1C(=O)N[C@H](CC1=CC=CC=C1)[C@H](O)CC(=O)NC1=NC2=CC=CC=C2N1,2024-12-18 06:19:34.646930+00:00,Choongho Lee,-3.6,747.9,3.8,177.3,0.3,C41H45N7O5S,54,15,7,8,210.2,Moderate,Fail,Fail,51.8,4.7,Unstable,Unstable,Low,Low,Yes,No,No,Yes,Yes,Yes,Yes,Yes,Yes,Yes,Yes,Yes,,,No,,3.83,11.26,0.21,4.59,4.75,,,,,
0,,,,CHEMBL104525,COC(=O)[C@@H](NC(=O)CC1=CC=CC=C1)[C@@H]1N[C@@H](C(=O)NCCNC(=O)[C@@H]2N[C@@H]([C@H](NC(=O)CC3=CC=CC=C3)C(=O)OC)SC2(C)C)C(C)(C)S1,2024-12-18 06:19:34.646924+00:00,Choongho Lee,-3.3,756.9,0.6,193.1,0.5,C36H48N6O8S2,52,15,6,12,199,Soluble,Fail,Fail,17.4,4.9,Unstable,Unstable,Low,Low,No,No,No,No,No,No,Yes,Yes,Yes,Yes,Yes,Yes,,,No,,0.64,9.54,0.19,6.58,3.74,,,,,
0,,,,CHEMBL104509,CC1(C)S[C@H]([C@H](NC(=O)CC2=CC=CC=C2)C(=O)NCC2=CC=CC=C2)NC1C(=O)NCCCNC(=O)[C@@H]1N[C@@H]([C@H](NC(=O)CC2=CC=CC=C2)C(=O)NCC2=CC=CC=C2)SC1(C)C,2024-12-18 06:19:34.646918+00:00,Choongho Lee,-3.6,921.2,3.3,198.7,0.4,C49H60N8O6S2,65,20,8,10,256.1,Soluble,Fail,Fail,35.2,4.9,Unstable,Unstable,Low,Low,No,No,No,No,Yes,Yes,Yes,Yes,Yes,Yes,Yes,Yes,,,No,,3.32,6.8,0.13,2.95,3.15,,,,,
0,,,,CHEMBL104471,CC(C)=CCCC(C)C1=C(O)C(CCC2=CC=CC=C2)(C(=O)NC(C)(C)C)OC1=O,2024-12-18 06:19:34.646912+00:00,Choongho Lee,-3.6,413.6,5,75.6,0.5,C25H35NO4,30,8,2,4,119,Moderate,Fail,Pass,61,4.9,Unstable,Unstable,High,High,No,No,No,Yes,Yes,No,No,No,No,No,No,No,,,No,,5.02,14.51,0.27,0.98,7.93,,,,,
0,,,,CHEMBL104375,CC1(C)S[C@H]([C@H](NC(=O)CC2=CC=CC=C2)C(=O)NCC2=CC=CC=C2)N[C@H]1C(=O)N[C@H](CC1=CC=CC=C1)[C@H](O)CC(N)=O,2024-12-18 06:19:34.646907+00:00,Choongho Lee,-4,631.8,1.8,162.6,0.4,C34H41N5O5S,45,14,6,7,174.6,Soluble,Fail,Fail,63.9,5,Unstable,Unstable,Low,Low,No,No,No,No,No,No,Yes,Yes,Yes,Yes,Yes,Yes,,,No,,1.8,11.22,0.22,5.29,4.36,,,,,
0,,,,CHEMBL104118,CCNC(=O)[C@@H](NC(=O)CCC1=CC=CC=C1)[C@@H]1N[C@@H](C(=O)NCCNC(=O)[C@@H]2N[C@@H]([C@H](NC(=O)CCC3=CC=CC=C3)C(=O)NCC)SC2(C)C)C(C)(C)S1,2024-12-18 06:19:34.646901+00:00,Choongho Lee,-3.6,811.1,1.3,198.7,0.6,C40H58N8O6S2,56,19,8,10,221.5,Soluble,Fail,Fail,4.8,4.9,Unstable,Unstable,Low,Low,No,No,No,No,No,No,Yes,Yes,Yes,Yes,Yes,Yes,,,No,,1.35,10.63,0.21,7.27,4.34,,,,,
0,,,,CHEMBL103821,CC1=CC=C(C[C@H](C[C@H](O)[C@H](CC2=CC=CC=C2)NC(=O)OC(C)(C)C)C(=O)N[C@@H]2C3=CC=CC=C3C[C@H]2O)C=C1,2024-12-18 06:19:34.646895+00:00,Choongho Lee,-3.8,558.7,4.8,107.9,0.4,C34H42N2O5,41,10,4,5,159.3,Moderate,Fail,Pass,67.8,5,Unstable,Unstable,Low,Low,No,No,No,Yes,Yes,Yes,Yes,Yes,Yes,Yes,Yes,Yes,,,No,,4.82,17.07,0.32,4.72,8.84,,,,,
0,,,,CHEMBL103783,CC(C)[C@H](NC(=O)CC1NC(=O)NC1=O)C(=O)N[C@@H](CC1=CC=CC=C1)[C@@H](O)[C@H](O)[C@H](CC1=CC=CC=C1)NC(=O)[C@@H](NC(=O)CC1NC(=O)NC1=O)C(C)C,2024-12-18 06:19:34.646889+00:00,Choongho Lee,-3.9,778.9,-1.4,273.3,0.5,C38H50N8O10,56,19,10,10,199.9,Moderate,Fail,Fail,34.2,4.6,Unstable,Unstable,Low,Low,No,No,No,No,No,No,Yes,No,Yes,Yes,Yes,Yes,,,No,,-1.36,10.29,0.2,9.38,2.93,,,,,
0,,,,CHEMBL103400,CC(C)(C)OC(=O)N[C@@H](CC1=CC=CC=C1)[C@@H](O)C[C@@H](CC1=CC=CC=C1)C(=O)N[C@@H]1C2=CC=CC=C2[C@@H](O)[C@H]1O,2024-12-18 06:19:34.646883+00:00,Choongho Lee,-3.8,560.7,4,128.1,0.4,C33H40N2O6,41,10,5,6,155.9,Soluble,Fail,Pass,64.9,5.1,Unstable,Unstable,Low,Low,No,No,No,Yes,Yes,Yes,Yes,Yes,Yes,Yes,Yes,Yes,,,No,,4,17.84,0.33,6,7.81,,,,,
0,,,,CHEMBL103217,COC(=O)C1=C(Br)C(OC)=C2OCOC2=C1C1=C2OCOC2=C(OC)C(Br)=C1C(=O)OC,2024-12-18 06:19:34.646877+00:00,Choongho Lee,-2.6,576.1,3.9,108,0.3,C20H16Br2O10,32,5,0,10,115.3,Moderate,Fail,Pass,55.7,5,Unstable,Unstable,Low,High,No,No,Yes,Yes,Yes,Yes,Yes,Yes,No,No,No,Yes,,,No,,3.93,12.7,0.31,3.39,6.78,,,,,
0,,,,CHEMBL103213,CC(C)(C)OC(=O)N[C@@H](CC1=CC=CC=C1)[C@@H](O)C[C@@H](CC1=CC=CC=C1)C(=O)N[C@@H]1C2=CC=CC=C2OC[C@H]1O,2024-12-18 06:19:34.646871+00:00,Choongho Lee,-3.6,560.7,4.3,117.1,0.4,C33H40N2O6,41,10,4,6,156.4,Moderate,Fail,Pass,67,5.2,Unstable,Unstable,Low,High,No,No,Yes,Yes,Yes,Yes,Yes,Yes,Yes,Yes,Yes,Yes,,,No,,,,,,,,,,,
0,,,,CHEMBL102664,CC1(C)S[C@H]([C@H](NC(=O)CC2=CC=CC=C2)C(=O)NCC2=CC=CC=C2)N[C@H]1C(=O)NCCNC(=O)[C@@H]1N[C@@H]([C@H](NC(=O)CC2=CC=CC=C2)C(=O)NCC2=CC=CC=C2)SC1(C)C,2024-12-18 06:19:34.646865+00:00,Choongho Lee,-3.8,907.2,2.9,198.7,0.4,C48H58N8O6S2,64,19,8,10,251.5,Soluble,Fail,Fail,37.6,4.8,Unstable,Unstable,Low,Low,No,No,No,No,Yes,Yes,Yes,Yes,Yes,Yes,Yes,Yes,,,No,,,,,,,,,,,
0,,,,CHEMBL101962,COC1=C(OC)C(OC)=CC(CC(=O)N[C@H](C(=O)N[C@@H](CC2=CC=CC=C2)[C@@H](O)[C@H](O)[C@H](CC2=CC=CC=C2)NC(=O)[C@@H](NC(=O)CC2=CC(OC)=C(OC)C(OC)=C2)C(C)C)C(C)C)=C1,2024-12-18 06:19:34.646860+00:00,Choongho Lee,-3.8,915.1,4,212.2,0.4,C50H66N4O12,66,25,6,12,249.3,Moderate,Fail,Fail,38.5,4.4,Unstable,Unstable,Low,Low,Yes,No,No,No,Yes,No,Yes,Yes,Yes,Yes,Yes,Yes,,,No,,,,,,,,,,,
0,,,,CHEMBL101560,O=C(N[C@@H](CC1=CC=CC=C1)[C@@H](O)C[C@@H](CC1=CC=CC=C1)C(=O)N[C@H]1C2=CC=CC=C2C[C@H]1O)OC1CCCC1,2024-12-18 06:19:34.646854+00:00,Choongho Lee,-4.2,556.7,4.7,107.9,0.4,C34H40N2O5,41,11,4,5,157.1,Soluble,Fail,Fail,70.3,5,Unstable,Unstable,Low,Low,Yes,No,No,Yes,Yes,Yes,Yes,Yes,Yes,Yes,Yes,Yes,,,No,,,,,,,,,,,
0,,,,CHEMBL101111,COC1=CC(CC(=O)N[C@H](C(=O)N[C@@H](CC2=CC=CC=C2)C[C@H](O)[C@H](CC2=CC=CC=C2)NC(=O)[C@@H](NC(=O)CC2=CC(OC)=C(OC)C(OC)=C2)C(C)C)C(C)C)=CC(OC)=C1OC,2024-12-18 06:19:34.646848+00:00,Choongho Lee,-3.6,899.1,5,192,0.4,C50H66N4O11,65,25,5,11,247.9,Moderate,Fail,Fail,39.2,4.5,Unstable,Unstable,Low,Low,Yes,No,No,No,Yes,No,Yes,Yes,Yes,Yes,Yes,Yes,,,No,,,,,,,,,,,
0,,,,CHEMBL100412,CC(C)[C@H](NC(=O)CSC1=NC=CC=N1)C(=O)N[C@@H](CC1=CC=CC=C1)C[C@H](O)[C@H](CC1=CC=CC=C1)NC(=O)[C@@H](NC(=O)CSC1=NC=CC=N1)C(C)C,2024-12-18 06:19:34.646842+00:00,Choongho Lee,-3.8,787,3.6,188.2,0.4,C40H50N8O5S2,55,21,5,11,213.8,Soluble,Fail,Fail,34.5,4.5,Unstable,Unstable,Low,High,No,No,No,Yes,Yes,No,Yes,Yes,Yes,Yes,Yes,Yes,,,No,,,,,,,,,,,
0,,,,CHEMBL100310,CC(C)[C@H](NC(=O)[C@H](CC1=CC=CC=C1)C[C@H](O)[C@H](CC1=CC=CC=C1)NC(=O)OC(C)(C)C)C(=O)NCC(O)CO,2024-12-18 06:19:34.646836+00:00,Choongho Lee,-3.7,585.7,2.3,157.2,0.5,C32H47N3O7,42,15,6,7,160.4,Soluble,Fail,Fail,62.2,5,Unstable,Unstable,Low,High,No,No,No,No,Yes,No,Yes,Yes,Yes,Yes,Yes,Yes,,,No,,,,,,,,,,,
0,,,,CHEMBL100271,CC(C)[C@@H]1SCC[C@@H]1OC(=O)N[C@@H](CC1=CC=CC=C1)[C@H](O)CN1C[C@H]2CCS[C@H]2C[C@H]1C(=O)NC(C)(C)C,2024-12-18 06:19:34.646830+00:00,Choongho Lee,-3.3,577.9,4.3,90.9,0.7,C30H47N3O4S2,39,9,3,7,161.3,Soluble,Fail,Pass,46.9,5,Unstable,Unstable,High,Low,No,No,No,No,No,Yes,No,Yes,Yes,Yes,Yes,Yes,,,No,,,,,,,,,,,
0,,,,CHEMBL100089,CC(C)(C)NC(=O)[C@@H]1C[C@@H]2CCCC[C@@H]2CN1C[C@@H](O)[C@H](CC1=CC=CC=C1)NC(=O)[C@@H](CS(=O)(=O)C1=CC=C2C=CC=CC2=C1)NS(C)(=O)=O,2024-12-18 06:19:34.646824+00:00,Choongho Lee,-4.5,741,3.4,162,0.5,C38H52N4O7S2,51,13,4,8,199.2,Moderate,Fail,Fail,47,4.3,Unstable,Unstable,Low,Low,Yes,No,No,No,Yes,Yes,Yes,No,Yes,Yes,Yes,Yes,,,No,,,,,,,,,,,
0,,,,CHEMBL100048,CC(C)(C)NC(=O)[C@@H]1C[C@@H]2SCC[C@@H]2CN1C[C@@H](O)[C@H](CSC1=CC=CC=C1)NC(=O)O[C@H]1CCS(=O)(=O)C1,2024-12-18 06:19:34.646818+00:00,Choongho Lee,-3.8,599.8,2.5,125,0.7,C27H41N3O6S3,39,9,3,9,155.9,Soluble,Fail,Pass,41.7,4.8,Stable,Stable,High,Low,No,No,No,No,No,No,No,Yes,Yes,Yes,Yes,Yes,,,No,,,,,,,,,,,
0,,,,CHEMBL100040,CC(C)(C)NC(=O)[C@@H]1C[C@@H]2SCC[C@@H]2CN1C[C@@H](O)[C@H](CC1=CC=CC=C1)NC(=O)[C@@H](CS(=O)(=O)C1=CC=C(F)C=C1)NC(=O)C(F)(F)F,2024-12-18 06:19:34.646812+00:00,Choongho Lee,-3.4,730.8,2.8,144.9,0.5,C33H42F4N4O6S2,49,12,4,8,176.7,Moderate,Fail,Fail,30.3,4.8,Unstable,Unstable,Low,Low,No,No,No,No,Yes,No,Yes,Yes,Yes,Yes,Yes,Yes,,,No,,,,,,,,,,,
0,,,,CHEMBL100039,CC(C)CCN(C[C@@H](O)[C@H](CC1=CC=CC=C1)NC(=O)[C@H](CC(N)=O)NC(=O)OCC1=CC=CC=C1)C(=O)NC(C)(C)C,2024-12-18 06:19:34.646804+00:00,Choongho Lee,-4,597.8,3.1,163.1,0.5,C32H47N5O6,43,15,5,6,164.8,Soluble,Fail,Fail,61,3.3,Unstable,Unstable,Low,High,No,No,No,No,Yes,No,Yes,Yes,Yes,Yes,Yes,Yes,,,No,,,,,,,,,,,
0,,,,CHEMBL100034,CCCCNC(=O)N(CC(C)C)C[C@@H](O)[C@H](CC1=CC=CC=C1)NC(=O)[C@H](CC(N)=O)NC(=O)C1=CC=C2C=CC=CC2=N1,2024-12-18 06:19:34.646782+00:00,Choongho Lee,-3.8,604.8,2.8,166.8,0.4,C33H44N6O5,44,16,5,6,169.6,Moderate,Fail,Fail,57.9,3.5,Unstable,Unstable,Low,High,No,No,No,No,Yes,Yes,Yes,Yes,Yes,Yes,Yes,Yes,,,No,,,,,,,,,,,
